Location,ID
"18914, Pennsylvania, United States",9007181
"18938, Pennsylvania, United States",9007195
"18944, Pennsylvania, United States",9007198
"19320, Pennsylvania, United States",9007343
"19330, Pennsylvania, United States",9007344
"19343, Pennsylvania, United States",9007350
"19344, Pennsylvania, United States",9007351
"19390, Pennsylvania, United States",9007368
"19425, Pennsylvania, United States",9007376
"19438, Pennsylvania, United States",9007382
"19440, Pennsylvania, United States",9007383
"19446, Pennsylvania, United States",9007386
"19473, Pennsylvania, United States",9007396
"28730, North Carolina, United States",9010281
"89412, Nevada, United States",9030854
"Ajax, Ontario, Canada",1002156
"Alabama, United States",21133
"Alaska, United States",21132
"Alberta, Canada",20113
"Alleghany County, North Carolina, United States",9058790
"Anderson County, Texas, United States",9059406
Anguilla,2660
"Angus, Ontario, Canada",1002163
"Arizona, United States",21136
"Arkansas, United States",21135
Aruba,2533
"Barrie, Ontario, Canada",1002175
"Beaufort County, North Carolina, United States",9058794
Bermuda,2060
"Bertie County, North Carolina, United States",9058795
"Bladen County, North Carolina, United States",9058796
"Bowie County, Texas, United States",9059424
"Bowmanville, Ontario, Canada",1002188
"Bradford West Gwillimbury, Ontario, Canada",9047850
"Brampton, Ontario, Canada",1002191
"Brazoria County, Texas, United States",9059425
"Brevard County, Florida, United States",1014966
British Virgin Islands,2092
"Broward County, Florida, United States",1014969
"Brunswick County, North Carolina, United States",9058797
"Buncombe County, North Carolina, United States",1021025
Burkina Faso,2854
"Burlington, Ontario, Canada",1002197
"Burnaby, British Columbia, Canada",1001873
"Caicos Islands, Turks and Caicos Islands",9070244
"California, United States",21137
"Camden County, North Carolina, United States",9058801
"Camp County, Texas, United States",9059437
"Cass County, Texas, United States",9059439
"Caswell County, North Carolina, United States",9058803
Cayman Islands,2136
"Charlotte NC, United States",200517
"Cherokee County, Texas, United States",9059442
"Chowan County, North Carolina, United States",9058807
"Clarington, Ontario, Canada",9212218
"Collier County, Florida, United States",9057256
"Colorado, United States",21138
"Columbus County, North Carolina, United States",9058810
"Connecticut, United States",21139
"Courtice, Ontario, Canada",1002234
"Craven County, North Carolina, United States",9058811
"Currituck County, North Carolina, United States",9058813
"Cuyahoga County, Ohio, United States",9058953
"Dare County, North Carolina, United States",1021078
"Davidson County, North Carolina, United States",9058814
"Davie County, North Carolina, United States",9058815
"Defiance County, Ohio, United States",9058954
"Delaware, United States",21141
"Delta County, Texas, United States",9059465
"Dublin, California, United States",1013740
"Duplin County, North Carolina, United States",9058816
"Edgecombe County, North Carolina, United States",9058818
Egypt,2818
"Ellis County, Texas, United States",9059476
"Erie County, Ohio, United States",9058956
"Esquimalt, British Columbia, Canada",9104975
"Etobicoke, Ontario, Canada",1002260
"Fannin County, Texas, United States",9059479
"Florida, United States",21142
"Forsyth County, North Carolina, United States",1021112
"Fort Bend County, Texas, United States",9059484
"Franklin County, Texas, United States",9059485
French Guiana,2254
"Fulton County, Ohio, United States",9058960
"Galveston County, Texas, United States",9059489
"Gates County, North Carolina, United States",9058821
"George Town, Penang, Malaysia",1010262
"Georgia, United States",21143
"Georgina, Ontario, Canada",9047876
"Glades County, Florida, United States",9057266
"Golden, British Columbia, Canada",1001900
"Grand Forks, British Columbia, Canada",1001901
"Greene County, North Carolina, United States",9058824
Greenland,2304
"Greensboro, North Carolina, United States",1021129
"Grimsby, Ontario, Canada",1002282
Guadeloupe,2312
"Guilford County, North Carolina, United States",9058825
Guinea-Bissau,2624
"Halifax County, North Carolina, United States",9058826
"Hamilton, Ontario, Canada",1002287
"Hancock County, Ohio, United States",9058966
"Harris County, Texas, United States",9059506
"Hawaii, United States",21144
"Henderson County, North Carolina, United States",9058829
"Henderson County, Texas, United States",9059512
"Henry County, Ohio, United States",9058969
"Hertford County, North Carolina, United States",9058830
"Hoke County, North Carolina, United States",9058831
Hong Kong,2344
"Hopkins County, Texas, United States",9059517
"Hunt County, Texas, United States",9059521
"Huron County, Ohio, United States",9058973
"Hyde County, North Carolina, United States",9058832
"Idaho, United States",21146
"Illinois, United States",21147
"Indian River County, Florida, United States",9057275
"Indiana, United States",21148
"Innisfil, Ontario, Canada",1002298
"Iowa, United States",21145
"Jefferson County, Texas, United States",9059528
"Jones County, North Carolina, United States",9058836
Jordan,2400
"Kansas, United States",21149
"Kaufman County, Texas, United States",9059534
"Kentucky, United States",21150
Kenya,2404
Kosovo,2900
Kuwait,2414
Kyrgyzstan,2417
"L0B 1B0, Ontario, Canada",9219822
"L0B 1J0, Ontario, Canada",9207805
"L0B 1M0, Ontario, Canada",9208516
"L0B, Ontario, Canada",9000733
"L0G 1A0, Ontario, Canada",9193861
"L0G 1W0, Ontario, Canada",9209777
"L0H 1A0, Ontario, Canada",9220078
"L0H 1H0, Ontario, Canada",9210976
"L0H 1M0, Ontario, Canada",9221128
"L0L 1K0, Ontario, Canada",9212188
"L0L 1L0, Ontario, Canada",9207636
"L0L 1N0, Ontario, Canada",9216068
"L0L 1P0, Ontario, Canada",9209259
"L0L 1V0, Ontario, Canada",9207070
"L0L 1X0, Ontario, Canada",9214369
"L0L 1X1, Ontario, Canada",9221100
"L0L 1Y0, Ontario, Canada",9222371
"L0L 1Y2, Ontario, Canada",9221332
"L0L 1Y3, Ontario, Canada",9208421
"L0L 2K0, Ontario, Canada",9216265
"L0L 2L0, Ontario, Canada",9220120
"L0L, Ontario, Canada",9000740
"L0M 1B1, Ontario, Canada",9213979
"L0M 1J0, Ontario, Canada",9221298
"L0M 1M0, Ontario, Canada",9222527
"L0M 1N0, Ontario, Canada",9207802
"L0M 1S0, Ontario, Canada",9210752
"L0M 1T0, Ontario, Canada",9211449
"L0M 1T2, Ontario, Canada",9222697
"L0M, Ontario, Canada",9000741
"L1B 1L9, Ontario, Canada",9209748
"L1C 3K6, Ontario, Canada",9212523
"L1C, Ontario, Canada",9000748
"L1E, Ontario, Canada",9000749
"L1G, Ontario, Canada",9000750
"L1H 7K4, Ontario, Canada",9194803
"L1H 7K5, Ontario, Canada",9193315
"L1H 8L7, Ontario, Canada",9212609
"L1H, Ontario, Canada",9000751
"L1J, Ontario, Canada",9000752
"L1K, Ontario, Canada",9000753
"L1M, Ontario, Canada",9000755
"L1N, Ontario, Canada",9000756
"L1P, Ontario, Canada",9000757
"L1R, Ontario, Canada",9000758
"L1T, Ontario, Canada",9000760
"L1Y, Ontario, Canada",9000764
"L1Z, Ontario, Canada",9000765
"L3Y 4V9, Ontario, Canada",9212567
"L3Z 2A4, Ontario, Canada",9190058
"L3Z 2A5, Ontario, Canada",9193516
"L3Z 2A6, Ontario, Canada",9221803
"L3Z, Ontario, Canada",9000790
"L4M 4Y8, Ontario, Canada",9209421
"L4M, Ontario, Canada",9000800
"L4N, Ontario, Canada",9000801
"L9J, Ontario, Canada",9067854
"L9L 1B4, Ontario, Canada",9217580
"L9L 1B5, Ontario, Canada",9213418
"L9R 1V1, Ontario, Canada",9209576
"L9R 1V2, Ontario, Canada",9213977
"L9R 1V3, Ontario, Canada",9211444
"L9S, Ontario, Canada",9000886
"Lake Country, British Columbia, Canada",9104604
"Lamar County, Texas, United States",9059545
Laos,2418
Latvia,2428
Lebanon,2422
"Lee County, Florida, United States",9057279
"Lenoir County, North Carolina, United States",9058838
Liberia,2430
Libya,2434
Liechtenstein,2438
Lithuania,2440
"London, Ontario, Canada",1002325
"Lorain County, Ohio, United States",9058980
"Louisiana, United States",21151
"Lucas County, Ohio, United States",9058981
Luxembourg,2442
"M2L, Ontario, Canada",9000912
"M2N, Ontario, Canada",9000914
"M2P, Ontario, Canada",9000915
"M2R, Ontario, Canada",9000916
"M3B, Ontario, Canada",9000918
"M3C, Ontario, Canada",9000919
"M3H, Ontario, Canada",9000920
"M3J, Ontario, Canada",9000921
"M3K, Ontario, Canada",9000922
"M3L, Ontario, Canada",9000923
"M3M, Ontario, Canada",9000924
"M3N, Ontario, Canada",9000925
"M4G, Ontario, Canada",9000930
"M4H, Ontario, Canada",9000931
"M4J, Ontario, Canada",9000932
"M4K, Ontario, Canada",9000933
"M4N, Ontario, Canada",9000936
"M4P, Ontario, Canada",9000937
"M4R, Ontario, Canada",9000938
"M4S, Ontario, Canada",9000939
"M4T, Ontario, Canada",9000940
"M4V, Ontario, Canada",9000941
"M4W, Ontario, Canada",9000942
"M4X, Ontario, Canada",9000943
"M4Y, Ontario, Canada",9000944
"M5A, Ontario, Canada",9000945
"M5J, Ontario, Canada",9000951
"M5M, Ontario, Canada",9000954
"M5N, Ontario, Canada",9000955
"M5P, Ontario, Canada",9000956
"M5R, Ontario, Canada",9000957
"M5S, Ontario, Canada",9000958
"M5T, Ontario, Canada",9000959
"M5V, Ontario, Canada",9000960
"M6A, Ontario, Canada",9000963
"M6B, Ontario, Canada",9000964
"M6C, Ontario, Canada",9000965
"M6E, Ontario, Canada",9000966
"M6G, Ontario, Canada",9000967
"M6H, Ontario, Canada",9000968
"M6J, Ontario, Canada",9000969
"M6K, Ontario, Canada",9000970
"M6L, Ontario, Canada",9000971
"M6M, Ontario, Canada",9000972
"M6N, Ontario, Canada",9000973
"M6P, Ontario, Canada",9000974
"M6R, Ontario, Canada",9000975
"M6S, Ontario, Canada",9000976
"M8V, Ontario, Canada",9000979
"M8X, Ontario, Canada",9000981
"M8Y, Ontario, Canada",9000982
"M8Z, Ontario, Canada",9000983
"M9A, Ontario, Canada",9000984
"M9B, Ontario, Canada",9000985
"M9M, Ontario, Canada",9000988
"M9N, Ontario, Canada",9000989
"M9P, Ontario, Canada",9000990
"M9R, Ontario, Canada",9000991
"M9W, Ontario, Canada",9000993
Macao,2446
Madagascar,2450
"Maine, United States",21154
Malawi,2454
Malaysia,2458
Maldives,2462
Mali,2466
Malta,2470
"Manitoba, Canada",20115
"Marion County, Texas, United States",9059560
"Markham, Ontario, Canada",1002334
Marshall Islands,2584
"Martin County, North Carolina, United States",9058842
Martinique,2474
"Maryland, United States",21153
"Massachusetts, United States",21152
Mauritania,2478
Mauritius,2480
Mexico,2484
"Miami-Dade County, Florida, United States",9057286
"Michigan, United States",21155
"Midhurst, Ontario, Canada",1002343
"Milton, Ontario, Canada",9198780
"Minnesota, United States",21156
"Mississauga, Ontario, Canada",1002350
"Mississippi, United States",21158
"Missouri, United States",21157
Moldova,2498
Mongolia,2496
"Montana, United States",21159
Montenegro,2499
"Montgomery County, North Carolina, United States",9058846
Morocco,2504
"Morris County, Texas, United States",9059577
Mozambique,2508
Namibia,2516
"Navarro County, Texas, United States",9059580
"Nebraska, United States",21162
Nepal,2524
Netherlands,2528
"Nevada, United States",21166
"New Brunswick, Canada",20116
"New Hampshire, United States",21163
"New Hanover County, North Carolina, United States",9058849
"New Jersey, United States",21164
"New Mexico, United States",21165
"New Tecumseth, Ontario, Canada",9047907
"New York, United States",21167
New Zealand,2554
"Newfoundland and Labrador, Canada",20117
Nicaragua,2558
Niger,2562
Nigeria,2566
"North Carolina, United States",21160
"North Dakota, United States",21161
North Macedonia,2807
"Northampton County, North Carolina, United States",9058850
"Northwest Territories, Canada",20119
Norway,2578
"Nova Scotia, Canada",20118
"Nunavut, Canada",20120
"Oak Bay, British Columbia, Canada",9105114
"Oakville, Ontario, Canada",1002371
"Ohio, United States",21168
"Okanagan-Similkameen, British Columbia, Canada",9104472
"Okeechobee County, Florida, United States",9057290
"Oklahoma, United States",21169
Oman,2512
"Onslow County, North Carolina, United States",1021253
"Oregon, United States",21170
"Oshawa, Ontario, Canada",1002375
"Ottawa County, Ohio, United States",9058995
"Ottawa, Ontario, Canada",1002376
"Paget Parish, Bermuda",9070171
Pakistan,2586
Palestine,2275
"Palm Beach County, Florida, United States",9057293
"Pamlico County, North Carolina, United States",9058852
Panama,2591
Papua New Guinea,2598
Paraguay,2600
"Parker County, Texas, United States",1026679
"Pasquotank County, North Carolina, United States",1021258
"Pender County, North Carolina, United States",9058853
"Pennsylvania, United States",21171
"Perquimans County, North Carolina, United States",9058854
Peru,2604
"Philadelphia, Pennsylvania, United States",1025197
Philippines,2608
"Pickering, Ontario, Canada",1002385
"Pitt County, North Carolina, United States",9058856
Poland,2616
Portugal,2620
"Prince Edward Island, Canada",20122
Puerto Rico,2630
"Putnam County, Ohio, United States",9059002
Qatar,2634
"Quebec, Canada",20123
"Quesnel, British Columbia, Canada",1001947
"Rains County, Texas, United States",9059593
"Randolph County, North Carolina, United States",9058858
"Red River County, Texas, United States",9059597
Reunion,2638
"Rhode Island, United States",21172
"Richmond Hill, Ontario, Canada",1002405
"Richmond, British Columbia, Canada",1001949
"Robeson County, North Carolina, United States",9058860
"Rockingham County, North Carolina, United States",9058861
Romania,2642
Russia,2643
Rwanda,2646
"Saanich, British Columbia, Canada",9105154
Saint Kitts and Nevis,2659
Saint Lucia,2662
Saint Vincent and the Grenadines,2670
Samoa,2882
"Sampson County, North Carolina, United States",9058864
"Sandusky County, Ohio, United States",9059005
"Saskatchewan, Canada",20124
Saudi Arabia,2682
"Seneca County, Ohio, United States",9059007
Senegal,2686
Serbia,2688
Seychelles,2690
Sierra Leone,2694
Singapore,2702
Slovakia,2703
Slovenia,2705
Somalia,2706
South Africa,2710
"South Carolina, United States",21173
"South Dakota, United States",21174
South Korea,2410
Spain,2724
"Stokes County, North Carolina, United States",9058867
Suriname,2740
"Surrey, British Columbia, Canada",1001964
"Surry County, North Carolina, United States",9058868
Sweden,2752
Switzerland,2756
Taiwan,2158
Tajikistan,2762
Tanzania,2834
"Tennessee, United States",21175
"Texas, United States",21176
Thailand,2764
"The Bronx, New York, United States",1022759
Timor-Leste,2626
"Titus County, Texas, United States",9059628
Togo,2768
"Toronto, Ontario, Canada",1002451
Trinidad and Tobago,2780
Tunisia,2788
Turkiye,2792
Turkmenistan,2795
Turks and Caicos Islands,2796
"Tyrrell County, North Carolina, United States",9058871
U.S. Virgin Islands,2850
Uganda,2800
Ukraine,2804
United Arab Emirates,2784
United Kingdom,2826
"Upshur County, Texas, United States",9059632
Uruguay,2858
"Utah, United States",21177
Uzbekistan,2860
"V0A, British Columbia, Canada",9001434
"V0B, British Columbia, Canada",9001435
"V0C, British Columbia, Canada",9001436
"V0E, British Columbia, Canada",9001437
"V0G, British Columbia, Canada",9001438
"V0J, British Columbia, Canada",9001440
"V0K, British Columbia, Canada",9001441
"V0L, British Columbia, Canada",9001442
"V0N, British Columbia, Canada",9001444
"V0T, British Columbia, Canada",9001448
"V1C, British Columbia, Canada",9001454
"V1N, British Columbia, Canada",9001462
"V1R, British Columbia, Canada",9001464
"V1S, British Columbia, Canada",9001465
"V1X, British Columbia, Canada",9001469
"V1Y, British Columbia, Canada",9001470
"V2B, British Columbia, Canada",9001473
"V2C, British Columbia, Canada",9001474
"V2J, British Columbia, Canada",9001478
"V8G, British Columbia, Canada",9001589
"V8V, British Columbia, Canada",9001599
"V8Z, British Columbia, Canada",9001603
"Van Zandt County, Texas, United States",9059636
"Vancouver, British Columbia, Canada",1001970
Vanuatu,2548
"Vaughan, Ontario, Canada",1002459
Venezuela,2862
"Vermont, United States",21179
"Victoria, British Columbia, Canada",1001973
Vietnam,2704
"Virginia, United States",21178
"Wasaga Beach, Ontario, Canada",9220171
"Washington County, North Carolina, United States",9058876
"Washington, District of Columbia, United States",1014895
"Washington, United States",21180
"Washoe County, Nevada, United States",9058666
"West Virginia, United States",21183
Western Sahara,2732
"Whitby, Ontario, Canada",1002470
"Wilkes County, North Carolina, United States",9058879
"Williams County, Ohio, United States",9059018
"Wisconsin, United States",21182
"Wise County, Texas, United States",9059651
"Wood County, Ohio, United States",9059019
"Wood County, Texas, United States",9059652
"Wyoming, United States",21184
"Yadkin County, North Carolina, United States",9058881
Yemen,2887
"Yukon, Canada",20125
Zambia,2894
Zimbabwe,2716
