Keyword,Match type
0 res,Phrase
0 rez,Phrase
0rez,Phrase
911,Phrase
Abracadabra,Phrase
Accuclean,Phrase
Acumen,Phrase
Alpine,Phrase
Brother,Phrase
Brothers,Phrase
Chubby,Phrase
Clothes,Phrase
Cole,Phrase
Coles,Phrase
Cruz,Phrase
Crystal,Phrase
Crystals,Phrase
Curts,Phrase
Don,Phrase
Dons,Phrase
Duct,Phrase
Fuzzy,Phrase
Greco,Phrase
Jade,Phrase
Janitorial,Phrase
Kevin,Phrase
Kevins,Phrase
Kleen,Phrase
Lacey,Phrase
Laundry,Phrase
Legacy,Phrase
Lice,Phrase
Liquidators,Phrase
Loyal,Phrase
Magic,Phrase
Martinez,Phrase
Maxwell,Phrase
Millers,Phrase
Olsen,Phrase
Paul,Phrase
Pauls,Phrase
Peter,Phrase
Peters,Phrase
Pfieffer,Phrase
Phoenix,Phrase
Poblano,Phrase
Rainbow,Phrase
Ribbon,Phrase
Rogers,Phrase
Wolf,Phrase
Wolfe,Phrase
Wolves,Phrase
Wuzzy,Phrase
a1,Phrase
aaa,Phrase
able,Phrase
about,Phrase
above and beyond,Phrase
account,Phrase
accountant,Phrase
accountants,Phrase
accounts,Phrase
ace,Phrase
advertisement,Phrase
advertiser,Phrase
advertising,Phrase
advice,Phrase
advise,Phrase
amazon,Phrase
angieslist,Phrase
apex,Phrase
application,Phrase
applications,Phrase
article,Phrase
articles,Phrase
assessment,Phrase
assessments,Phrase
association,Phrase
associations,Phrase
attorney,Phrase
attornies,Phrase
auction,Phrase
auctions,Phrase
auto,Phrase
autos,Phrase
baby,Phrase
bad,Phrase
become,Phrase
become a,Phrase
becomes,Phrase
becoming,Phrase
becoming a,Phrase
best way,Phrase
beyond,Phrase
blog,Phrase
blogs,Phrase
board,Phrase
boards,Phrase
book,Phrase
books,Phrase
business plan,Phrase
business plans,Phrase
buy,Phrase
buyer,Phrase
buyers,Phrase
buying,Phrase
buys,Phrase
car,Phrase
caravan rugs,Phrase
carbona,Phrase
career,Phrase
careers,Phrase
cars,Phrase
case studies,Phrase
case study,Phrase
certification,Phrase
certifications,Phrase
check,Phrase
checklist,Phrase
checklists,Phrase
checkpoint,Phrase
checkpoints,Phrase
checks,Phrase
chemdry,Phrase
chick,Phrase
cimex,Phrase
class,Phrase
classes,Phrase
clipart,Phrase
coastal,Phrase
college,Phrase
colleges,Phrase
commercial,Phrase
commercials,Phrase
compania,Phrase
companias,Phrase
comparison,Phrase
computer,Phrase
conviction,Phrase
convictions,Phrase
costco,Phrase
course,Phrase
courses,Phrase
coverage,Phrase
coverages,Phrase
craft,Phrase
crafts,Phrase
craig,Phrase
craigslist,Phrase
create,Phrase
creating,Phrase
csx,Phrase
d.i.y.,Phrase
data,Phrase
database,Phrase
defiinition,Phrase
define,Phrase
definition,Phrase
deluxe,Phrase
department,Phrase
diagram,Phrase
directions,Phrase
directories,Phrase
directory,Phrase
discount,Phrase
distributor,Phrase
distributors,Phrase
diy,Phrase
do it yourself,Phrase
down load,Phrase
down loads,Phrase
download,Phrase
downloads,Phrase
durham,Phrase
dyson,Phrase
e-book,Phrase
e-books,Phrase
earn,Phrase
earn at home,Phrase
earn income,Phrase
ebay,Phrase
ebook,Phrase
ebooks,Phrase
educating,Phrase
education,Phrase
educations,Phrase
effectiveness,Phrase
elite,Phrase
empleo,Phrase
empleos,Phrase
employee,Phrase
employees,Phrase
employer,Phrase
employers,Phrase
employment,Phrase
employments,Phrase
enterprise,Phrase
enterprises,Phrase
equipment,Phrase
erci's,Phrase
eric,Phrase
eric's,Phrase
ericson,Phrase
error,Phrase
evaluation,Phrase
evaluations,Phrase
exam,Phrase
example,Phrase
examples,Phrase
exams,Phrase
expo,Phrase
extreme,Phrase
facebook,Phrase
facility,Phrase
factories,Phrase
factory,Phrase
faq,Phrase
fast dry,Phrase
feet,Phrase
fence,Phrase
fences,Phrase
file,Phrase
files,Phrase
finance,Phrase
financing,Phrase
flawless,Phrase
flyer,Phrase
flyers,Phrase
food lion,Phrase
foot,Phrase
for caR,Phrase
form,Phrase
forms,Phrase
forum,Phrase
forums,Phrase
franchise,Phrase
franchises,Phrase
ft,Phrase
ft.,Phrase
gate,Phrase
gates,Phrase
gif,Phrase
gifs,Phrase
global industrial,Phrase
glory,Phrase
grant,Phrase
grants,Phrase
guaranties,Phrase
guaranty,Phrase
guarranties,Phrase
guarranty,Phrase
guide,Phrase
guides,Phrase
h p,Phrase
hammond knoll,Phrase
hand made,Phrase
handbook,Phrase
handbooks,Phrase
handheld,Phrase
handmade,Phrase
harris,Phrase
harris teeter,Phrase
hazard,Phrase
hazards,Phrase
help,Phrase
hernandez,Phrase
hilton head,Phrase
hiring,Phrase
histories,Phrase
history,Phrase
holding,Phrase
holdings,Phrase
home based,Phrase
home depot,Phrase
home made,Phrase
home-based,Phrase
homebased,Phrase
homemade,Phrase
horrible,Phrase
how,Phrase
how do I,Phrase
how do you,Phrase
how to,Phrase
how to make money,Phrase
how to use,Phrase
hp,Phrase
i love,Phrase
idea,Phrase
ideas,Phrase
ikea,Phrase
ikea's,Phrase
ikeas,Phrase
image,Phrase
images,Phrase
import,Phrase
importer,Phrase
importers,Phrase
importing,Phrase
income,Phrase
industries,Phrase
industry,Phrase
inexpensive,Phrase
info,Phrase
information,Phrase
instruction,Phrase
instructions,Phrase
insurance,Phrase
insurances,Phrase
insuranse,Phrase
insuranses,Phrase
intern,Phrase
interns,Phrase
internship,Phrase
internships,Phrase
janilink,Phrase
jays,Phrase
jcm,Phrase
job,Phrase
jobs,Phrase
john,Phrase
john's,Phrase
johns,Phrase
journal,Phrase
journals,Phrase
jpeg,Phrase
jpg,Phrase
keeping it clean,Phrase
kit,Phrase
kits,Phrase
knee,Phrase
kroger,Phrase
law,Phrase
laws,Phrase
lawyer,Phrase
lawyers,Phrase
laywer,Phrase
lead,Phrase
leads,Phrase
legal,Phrase
license,Phrase
licenses,Phrase
licensing,Phrase
light weight,Phrase
lightweight,Phrase
linear,Phrase
lion,Phrase
lisense,Phrase
lisenses,Phrase
lisensing,Phrase
list,Phrase
lists,Phrase
little bissel,Phrase
live in,Phrase
lock,Phrase
locks,Phrase
logo,Phrase
logos,Phrase
love,Phrase
lyric,Phrase
lyrics,Phrase
mac,Phrase
machine,Phrase
machines,Phrase
magazine,Phrase
magazines,Phrase
make,Phrase
make money,Phrase
make money online,Phrase
maker,Phrase
makers,Phrase
making,Phrase
manual,Phrase
manuals,Phrase
manufacturer,Phrase
manufacturers,Phrase
manufacturing,Phrase
map,Phrase
maps,Phrase
marketer,Phrase
marketer's,Phrase
marketers,Phrase
marketing,Phrase
mc,Phrase
meaning,Phrase
means,Phrase
medic,Phrase
merry,Phrase
mesa,Phrase
mesas,Phrase
method,Phrase
metrics,Phrase
mighty mac,Phrase
minecraft,Phrase
mma,Phrase
money,Phrase
mp3,Phrase
mp4,Phrase
mp5,Phrase
myrtle beach,Phrase
mytee,Phrase
nacecare,Phrase
naked,Phrase
name,Phrase
names,Phrase
news,Phrase
none,Phrase
nude,Phrase
number 1,Phrase
o rez,Phrase
o.e.m.,Phrase
oem,Phrase
office,Phrase
offices,Phrase
omaha,Phrase
on sale,Phrase
online business,Phrase
opportunities,Phrase
opportunity,Phrase
orez,Phrase
paint,Phrase
painter,Phrase
painters,Phrase
painting,Phrase
part,Phrase
parts,Phrase
pc,Phrase
petty,Phrase
pic,Phrase
pics,Phrase
picture,Phrase
pictures,Phrase
place to,Phrase
plan,Phrase
plans,Phrase
png,Phrase
podcast,Phrase
point,Phrase
points,Phrase
porn,Phrase
portable,Phrase
position,Phrase
positions,Phrase
powder,Phrase
powdered,Phrase
power elite,Phrase
power flite,Phrase
prep,Phrase
pro,Phrase
pro care,Phrase
process,Phrase
processes,Phrase
producer,Phrase
producers,Phrase
product,Phrase
products,Phrase
program,Phrase
programs,Phrase
progreen,Phrase
quack,Phrase
quacks,Phrase
r&b,Phrase
raleigh,Phrase
rash,Phrase
rating,Phrase
ratings,Phrase
recruiter,Phrase
recruiting,Phrase
register,Phrase
registration,Phrase
regulation,Phrase
regulations,Phrase
regulationulatory,Phrase
remote,Phrase
remotes,Phrase
rent,Phrase
rental,Phrase
rentals,Phrase
renting,Phrase
rents,Phrase
report,Phrase
reporting,Phrase
reports,Phrase
requirement,Phrase
requirements,Phrase
research,Phrase
resumes,Phrase
review,Phrase
reviews,Phrase
rez,Phrase
ring tone,Phrase
ring tones,Phrase
ringtone,Phrase
ringtones,Phrase
rug,Phrase
rugdoctor,Phrase
safety,Phrase
safeway,Phrase
salarey,Phrase
salaries,Phrase
salary,Phrase
salarys,Phrase
sample,Phrase
samples,Phrase
sandia,Phrase
scam,Phrase
scams,Phrase
school,Phrase
schooling,Phrase
schools,Phrase
sears,Phrase
second,Phrase
second to none,Phrase
seminar,Phrase
seminars,Phrase
servicemaster,Phrase
shampoo,Phrase
shampooer,Phrase
sheet,Phrase
sheets,Phrase
shop,Phrase
shops,Phrase
show room,Phrase
show rooms,Phrase
showroom,Phrase
showrooms,Phrase
site,Phrase
sites,Phrase
small,Phrase
soft,Phrase
soft ware,Phrase
soft wares,Phrase
software,Phrase
softwares,Phrase
solution,Phrase
solutions,Phrase
song,Phrase
songs,Phrase
source,Phrase
sources,Phrase
sourcing,Phrase
spartanburg,Phrase
spot,Phrase
spray,Phrase
spreadsheet,Phrase
spring,Phrase
springs,Phrase
stanley,Phrase
start a,Phrase
start a business,Phrase
starting a,Phrase
statistic,Phrase
statistics,Phrase
stats,Phrase
step,Phrase
steps,Phrase
store,Phrase
stores,Phrase
stories,Phrase
story,Phrase
strut,Phrase
struts,Phrase
success stories,Phrase
success story,Phrase
supervise,Phrase
supervised,Phrase
supervisor,Phrase
supplier,Phrase
suppliers,Phrase
supplies,Phrase
supply,Phrase
sweeper,Phrase
t&t,Phrase
target,Phrase
technique,Phrase
techniques,Phrase
template,Phrase
templates,Phrase
test,Phrase
testing,Phrase
tests,Phrase
the best steam,Phrase
thumbtack,Phrase
tiger,Phrase
tigger,Phrase
tip,Phrase
tips,Phrase
tnt,Phrase
tool,Phrase
tools,Phrase
topless,Phrase
tournament,Phrase
tournaments,Phrase
trabajo,Phrase
trabajos,Phrase
trade,Phrase
trade leads,Phrase
training,Phrase
trainings,Phrase
trouble shooting,Phrase
troubleshoot,Phrase
troubleshooting,Phrase
tutorial,Phrase
tutorials,Phrase
u.k.,Phrase
uk,Phrase
ultimate,Phrase
uniform,Phrase
uniformed,Phrase
uniforms,Phrase
universities,Phrase
university,Phrase
utube,Phrase
video,Phrase
videos,Phrase
walmart,Phrase
ware,Phrase
warranties,Phrase
warranty,Phrase
wash rugs,Phrase
what,Phrase
what are,Phrase
what is,Phrase
what is the,Phrase
what's a,Phrase
white paper,Phrase
white papers,Phrase
who,Phrase
who is,Phrase
wholesale,Phrase
wholesaler,Phrase
wholesalers,Phrase
wiki,Phrase
wikipedia,Phrase
william hvac,Phrase
wizard,Phrase
work at home,Phrase
work at house,Phrase
worker,Phrase
workers,Phrase
worst,Phrase
xtreme,Phrase
yelp,Phrase
your self,Phrase
youtube,Phrase
zero,Phrase
zero red,Phrase
zero residue,Phrase
zerox,Phrase
zone,Phrase
