Campaign,Keyword,Criterion Type
MOV | Search | Brand | EN,job,Campaign Negative Phrase
MOV | Search | Brand | EN,jobs,Campaign Negative Phrase
MOV | Search | Brand | EN,hiring,Campaign Negative Phrase
MOV | Search | Brand | EN,careers,Campaign Negative Phrase
MOV | Search | Brand | EN,career,Campaign Negative Phrase
MOV | Search | Brand | EN,salary,Campaign Negative Phrase
MOV | Search | Brand | EN,salaries,Campaign Negative Phrase
MOV | Search | Brand | EN,wage,Campaign Negative Phrase
MOV | Search | Brand | EN,employment,Campaign Negative Phrase
MOV | Search | Brand | EN,apply,Campaign Negative Phrase
MOV | Search | Brand | EN,resume,Campaign Negative Phrase
MOV | Search | Brand | EN,vacancy,Campaign Negative Phrase
MOV | Search | Brand | EN,how to,Campaign Negative Phrase
MOV | Search | Brand | EN,how do,Campaign Negative Phrase
MOV | Search | Brand | EN,diy,Campaign Negative Phrase
MOV | Search | Brand | EN,tutorial,Campaign Negative Phrase
MOV | Search | Brand | EN,guide,Campaign Negative Phrase
MOV | Search | Brand | EN,tips,Campaign Negative Phrase
MOV | Search | Brand | EN,youtube,Campaign Negative Phrase
MOV | Search | Brand | EN,video,Campaign Negative Phrase
MOV | Search | Brand | EN,wikipedia,Campaign Negative Phrase
MOV | Search | Brand | EN,reddit,Campaign Negative Phrase
MOV | Search | Brand | EN,forum,Campaign Negative Phrase
MOV | Search | Brand | EN,meaning,Campaign Negative Phrase
MOV | Search | Brand | EN,definition,Campaign Negative Phrase
MOV | Search | Brand | EN,what is,Campaign Negative Phrase
MOV | Search | Brand | EN,free,Campaign Negative Phrase
MOV | Search | Brand | EN,freebie,Campaign Negative Phrase
MOV | Search | Brand | EN,cheapest,Campaign Negative Phrase
MOV | Search | Brand | EN,volunteer,Campaign Negative Phrase
MOV | Search | Brand | EN,charity,Campaign Negative Phrase
MOV | Search | Brand | EN,donation,Campaign Negative Phrase
MOV | Search | Brand | EN,grant,Campaign Negative Phrase
MOV | Search | Brand | EN,course,Campaign Negative Phrase
MOV | Search | Brand | EN,courses,Campaign Negative Phrase
MOV | Search | Brand | EN,training,Campaign Negative Phrase
MOV | Search | Brand | EN,certification,Campaign Negative Phrase
MOV | Search | Brand | EN,school,Campaign Negative Phrase
MOV | Search | Brand | EN,class,Campaign Negative Phrase
MOV | Search | Brand | EN,complaints,Campaign Negative Phrase
MOV | Search | Brand | EN,lawsuit,Campaign Negative Phrase
MOV | Search | Brand | EN,scam,Campaign Negative Phrase
MOV | Search | Brand | EN,reviews of,Campaign Negative Phrase
MOV | Search | Brand | EN,sue,Campaign Negative Phrase
MOV | Search | Brand | EN,license lookup,Campaign Negative Phrase
MOV | Search | Brand | EN,truck rental,Campaign Negative Phrase
MOV | Search | Brand | EN,van rental,Campaign Negative Phrase
MOV | Search | Brand | EN,u haul,Campaign Negative Phrase
MOV | Search | Brand | EN,uhaul,Campaign Negative Phrase
MOV | Search | Brand | EN,penske,Campaign Negative Phrase
MOV | Search | Brand | EN,budget truck,Campaign Negative Phrase
MOV | Search | Brand | EN,rent a truck,Campaign Negative Phrase
MOV | Search | Brand | EN,moving boxes,Campaign Negative Phrase
MOV | Search | Brand | EN,packing supplies,Campaign Negative Phrase
MOV | Search | Brand | EN,boxes for sale,Campaign Negative Phrase
MOV | Search | Brand | EN,bubble wrap,Campaign Negative Phrase
MOV | Search | Brand | EN,moving blankets,Campaign Negative Phrase
MOV | Search | Brand | EN,thumbtack,Campaign Negative Phrase
MOV | Search | Brand | EN,angi,Campaign Negative Phrase
MOV | Search | Brand | EN,homeadvisor,Campaign Negative Phrase
MOV | Search | Brand | EN,unpakt,Campaign Negative Phrase
MOV | Search | Brand | EN,hireahelper,Campaign Negative Phrase
MOV | Search | Brand | EN,movebuddha,Campaign Negative Phrase
MOV | Search | Brand | EN,moving.com,Campaign Negative Phrase
MOV | Search | Brand | EN,bark,Campaign Negative Phrase
MOV | Search | Brand | EN,thumbtack,Campaign Negative Phrase
MOV | Search | Brand | EN,angi,Campaign Negative Phrase
MOV | Search | Brand | EN,homeadvisor,Campaign Negative Phrase
MOV | Search | Brand | EN,unpakt,Campaign Negative Phrase
MOV | Search | Brand | EN,hireahelper,Campaign Negative Phrase
MOV | Search | Brand | EN,movebuddha,Campaign Negative Phrase
MOV | Search | Brand | EN,moving.com,Campaign Negative Phrase
MOV | Search | Brand | EN,bark,Campaign Negative Phrase
MOV | Search | Local Moving | EN,job,Campaign Negative Phrase
MOV | Search | Local Moving | EN,jobs,Campaign Negative Phrase
MOV | Search | Local Moving | EN,hiring,Campaign Negative Phrase
MOV | Search | Local Moving | EN,careers,Campaign Negative Phrase
MOV | Search | Local Moving | EN,career,Campaign Negative Phrase
MOV | Search | Local Moving | EN,salary,Campaign Negative Phrase
MOV | Search | Local Moving | EN,salaries,Campaign Negative Phrase
MOV | Search | Local Moving | EN,wage,Campaign Negative Phrase
MOV | Search | Local Moving | EN,employment,Campaign Negative Phrase
MOV | Search | Local Moving | EN,apply,Campaign Negative Phrase
MOV | Search | Local Moving | EN,resume,Campaign Negative Phrase
MOV | Search | Local Moving | EN,vacancy,Campaign Negative Phrase
MOV | Search | Local Moving | EN,how to,Campaign Negative Phrase
MOV | Search | Local Moving | EN,how do,Campaign Negative Phrase
MOV | Search | Local Moving | EN,diy,Campaign Negative Phrase
MOV | Search | Local Moving | EN,tutorial,Campaign Negative Phrase
MOV | Search | Local Moving | EN,guide,Campaign Negative Phrase
MOV | Search | Local Moving | EN,tips,Campaign Negative Phrase
MOV | Search | Local Moving | EN,youtube,Campaign Negative Phrase
MOV | Search | Local Moving | EN,video,Campaign Negative Phrase
MOV | Search | Local Moving | EN,wikipedia,Campaign Negative Phrase
MOV | Search | Local Moving | EN,reddit,Campaign Negative Phrase
MOV | Search | Local Moving | EN,forum,Campaign Negative Phrase
MOV | Search | Local Moving | EN,meaning,Campaign Negative Phrase
MOV | Search | Local Moving | EN,definition,Campaign Negative Phrase
MOV | Search | Local Moving | EN,what is,Campaign Negative Phrase
MOV | Search | Local Moving | EN,free,Campaign Negative Phrase
MOV | Search | Local Moving | EN,freebie,Campaign Negative Phrase
MOV | Search | Local Moving | EN,cheapest,Campaign Negative Phrase
MOV | Search | Local Moving | EN,volunteer,Campaign Negative Phrase
MOV | Search | Local Moving | EN,charity,Campaign Negative Phrase
MOV | Search | Local Moving | EN,donation,Campaign Negative Phrase
MOV | Search | Local Moving | EN,grant,Campaign Negative Phrase
MOV | Search | Local Moving | EN,course,Campaign Negative Phrase
MOV | Search | Local Moving | EN,courses,Campaign Negative Phrase
MOV | Search | Local Moving | EN,training,Campaign Negative Phrase
MOV | Search | Local Moving | EN,certification,Campaign Negative Phrase
MOV | Search | Local Moving | EN,school,Campaign Negative Phrase
MOV | Search | Local Moving | EN,class,Campaign Negative Phrase
MOV | Search | Local Moving | EN,complaints,Campaign Negative Phrase
MOV | Search | Local Moving | EN,lawsuit,Campaign Negative Phrase
MOV | Search | Local Moving | EN,scam,Campaign Negative Phrase
MOV | Search | Local Moving | EN,reviews of,Campaign Negative Phrase
MOV | Search | Local Moving | EN,sue,Campaign Negative Phrase
MOV | Search | Local Moving | EN,license lookup,Campaign Negative Phrase
MOV | Search | Local Moving | EN,truck rental,Campaign Negative Phrase
MOV | Search | Local Moving | EN,van rental,Campaign Negative Phrase
MOV | Search | Local Moving | EN,u haul,Campaign Negative Phrase
MOV | Search | Local Moving | EN,uhaul,Campaign Negative Phrase
MOV | Search | Local Moving | EN,penske,Campaign Negative Phrase
MOV | Search | Local Moving | EN,budget truck,Campaign Negative Phrase
MOV | Search | Local Moving | EN,rent a truck,Campaign Negative Phrase
MOV | Search | Local Moving | EN,moving boxes,Campaign Negative Phrase
MOV | Search | Local Moving | EN,packing supplies,Campaign Negative Phrase
MOV | Search | Local Moving | EN,boxes for sale,Campaign Negative Phrase
MOV | Search | Local Moving | EN,bubble wrap,Campaign Negative Phrase
MOV | Search | Local Moving | EN,moving blankets,Campaign Negative Phrase
MOV | Search | Local Moving | EN,thumbtack,Campaign Negative Phrase
MOV | Search | Local Moving | EN,angi,Campaign Negative Phrase
MOV | Search | Local Moving | EN,homeadvisor,Campaign Negative Phrase
MOV | Search | Local Moving | EN,unpakt,Campaign Negative Phrase
MOV | Search | Local Moving | EN,hireahelper,Campaign Negative Phrase
MOV | Search | Local Moving | EN,movebuddha,Campaign Negative Phrase
MOV | Search | Local Moving | EN,moving.com,Campaign Negative Phrase
MOV | Search | Local Moving | EN,bark,Campaign Negative Phrase
MOV | Search | Local Moving | EN,long distance movers,Campaign Negative Phrase
MOV | Search | Local Moving | EN,long distance moving company,Campaign Negative Phrase
MOV | Search | Local Moving | EN,interstate movers,Campaign Negative Phrase
MOV | Search | Local Moving | EN,cross country movers,Campaign Negative Phrase
MOV | Search | Local Moving | EN,out of province movers,Campaign Negative Phrase
MOV | Search | Local Moving | EN,long distance moving quote,Campaign Negative Phrase
MOV | Search | Local Moving | EN,man with a van,Campaign Negative Phrase
MOV | Search | Local Moving | EN,single item movers,Campaign Negative Phrase
MOV | Search | Local Moving | EN,furniture movers,Campaign Negative Phrase
MOV | Search | Local Moving | EN,piano movers,Campaign Negative Phrase
MOV | Search | Local Moving | EN,same day movers,Campaign Negative Phrase
MOV | Search | Local Moving | EN,hourly movers,Campaign Negative Phrase
MOV | Search | Local Moving | EN,storage units,Campaign Negative Phrase
MOV | Search | Local Moving | EN,self storage,Campaign Negative Phrase
MOV | Search | Local Moving | EN,storage facility,Campaign Negative Phrase
MOV | Search | Local Moving | EN,pods,Campaign Negative Phrase
MOV | Search | Local Moving | EN,portable storage,Campaign Negative Phrase
MOV | Search | Local Moving | EN,truck rental,Campaign Negative Phrase
MOV | Search | Local Moving | EN,van rental,Campaign Negative Phrase
MOV | Search | Local Moving | EN,u haul,Campaign Negative Phrase
MOV | Search | Local Moving | EN,uhaul,Campaign Negative Phrase
MOV | Search | Local Moving | EN,penske,Campaign Negative Phrase
MOV | Search | Local Moving | EN,budget truck,Campaign Negative Phrase
MOV | Search | Local Moving | EN,rent a truck,Campaign Negative Phrase
MOV | Search | Local Moving | EN,moving boxes,Campaign Negative Phrase
MOV | Search | Local Moving | EN,packing supplies,Campaign Negative Phrase
MOV | Search | Local Moving | EN,boxes for sale,Campaign Negative Phrase
MOV | Search | Local Moving | EN,bubble wrap,Campaign Negative Phrase
MOV | Search | Local Moving | EN,moving blankets,Campaign Negative Phrase
MOV | Search | Long Distance | EN,job,Campaign Negative Phrase
MOV | Search | Long Distance | EN,jobs,Campaign Negative Phrase
MOV | Search | Long Distance | EN,hiring,Campaign Negative Phrase
MOV | Search | Long Distance | EN,careers,Campaign Negative Phrase
MOV | Search | Long Distance | EN,career,Campaign Negative Phrase
MOV | Search | Long Distance | EN,salary,Campaign Negative Phrase
MOV | Search | Long Distance | EN,salaries,Campaign Negative Phrase
MOV | Search | Long Distance | EN,wage,Campaign Negative Phrase
MOV | Search | Long Distance | EN,employment,Campaign Negative Phrase
MOV | Search | Long Distance | EN,apply,Campaign Negative Phrase
MOV | Search | Long Distance | EN,resume,Campaign Negative Phrase
MOV | Search | Long Distance | EN,vacancy,Campaign Negative Phrase
MOV | Search | Long Distance | EN,how to,Campaign Negative Phrase
MOV | Search | Long Distance | EN,how do,Campaign Negative Phrase
MOV | Search | Long Distance | EN,diy,Campaign Negative Phrase
MOV | Search | Long Distance | EN,tutorial,Campaign Negative Phrase
MOV | Search | Long Distance | EN,guide,Campaign Negative Phrase
MOV | Search | Long Distance | EN,tips,Campaign Negative Phrase
MOV | Search | Long Distance | EN,youtube,Campaign Negative Phrase
MOV | Search | Long Distance | EN,video,Campaign Negative Phrase
MOV | Search | Long Distance | EN,wikipedia,Campaign Negative Phrase
MOV | Search | Long Distance | EN,reddit,Campaign Negative Phrase
MOV | Search | Long Distance | EN,forum,Campaign Negative Phrase
MOV | Search | Long Distance | EN,meaning,Campaign Negative Phrase
MOV | Search | Long Distance | EN,definition,Campaign Negative Phrase
MOV | Search | Long Distance | EN,what is,Campaign Negative Phrase
MOV | Search | Long Distance | EN,free,Campaign Negative Phrase
MOV | Search | Long Distance | EN,freebie,Campaign Negative Phrase
MOV | Search | Long Distance | EN,cheapest,Campaign Negative Phrase
MOV | Search | Long Distance | EN,volunteer,Campaign Negative Phrase
MOV | Search | Long Distance | EN,charity,Campaign Negative Phrase
MOV | Search | Long Distance | EN,donation,Campaign Negative Phrase
MOV | Search | Long Distance | EN,grant,Campaign Negative Phrase
MOV | Search | Long Distance | EN,course,Campaign Negative Phrase
MOV | Search | Long Distance | EN,courses,Campaign Negative Phrase
MOV | Search | Long Distance | EN,training,Campaign Negative Phrase
MOV | Search | Long Distance | EN,certification,Campaign Negative Phrase
MOV | Search | Long Distance | EN,school,Campaign Negative Phrase
MOV | Search | Long Distance | EN,class,Campaign Negative Phrase
MOV | Search | Long Distance | EN,complaints,Campaign Negative Phrase
MOV | Search | Long Distance | EN,lawsuit,Campaign Negative Phrase
MOV | Search | Long Distance | EN,scam,Campaign Negative Phrase
MOV | Search | Long Distance | EN,reviews of,Campaign Negative Phrase
MOV | Search | Long Distance | EN,sue,Campaign Negative Phrase
MOV | Search | Long Distance | EN,license lookup,Campaign Negative Phrase
MOV | Search | Long Distance | EN,truck rental,Campaign Negative Phrase
MOV | Search | Long Distance | EN,van rental,Campaign Negative Phrase
MOV | Search | Long Distance | EN,u haul,Campaign Negative Phrase
MOV | Search | Long Distance | EN,uhaul,Campaign Negative Phrase
MOV | Search | Long Distance | EN,penske,Campaign Negative Phrase
MOV | Search | Long Distance | EN,budget truck,Campaign Negative Phrase
MOV | Search | Long Distance | EN,rent a truck,Campaign Negative Phrase
MOV | Search | Long Distance | EN,moving boxes,Campaign Negative Phrase
MOV | Search | Long Distance | EN,packing supplies,Campaign Negative Phrase
MOV | Search | Long Distance | EN,boxes for sale,Campaign Negative Phrase
MOV | Search | Long Distance | EN,bubble wrap,Campaign Negative Phrase
MOV | Search | Long Distance | EN,moving blankets,Campaign Negative Phrase
MOV | Search | Long Distance | EN,thumbtack,Campaign Negative Phrase
MOV | Search | Long Distance | EN,angi,Campaign Negative Phrase
MOV | Search | Long Distance | EN,homeadvisor,Campaign Negative Phrase
MOV | Search | Long Distance | EN,unpakt,Campaign Negative Phrase
MOV | Search | Long Distance | EN,hireahelper,Campaign Negative Phrase
MOV | Search | Long Distance | EN,movebuddha,Campaign Negative Phrase
MOV | Search | Long Distance | EN,moving.com,Campaign Negative Phrase
MOV | Search | Long Distance | EN,bark,Campaign Negative Phrase
MOV | Search | Long Distance | EN,man with a van,Campaign Negative Phrase
MOV | Search | Long Distance | EN,single item movers,Campaign Negative Phrase
MOV | Search | Long Distance | EN,furniture movers,Campaign Negative Phrase
MOV | Search | Long Distance | EN,piano movers,Campaign Negative Phrase
MOV | Search | Long Distance | EN,same day movers,Campaign Negative Phrase
MOV | Search | Long Distance | EN,hourly movers,Campaign Negative Phrase
MOV | Search | Long Distance | EN,storage units,Campaign Negative Phrase
MOV | Search | Long Distance | EN,self storage,Campaign Negative Phrase
MOV | Search | Long Distance | EN,storage facility,Campaign Negative Phrase
MOV | Search | Long Distance | EN,pods,Campaign Negative Phrase
MOV | Search | Long Distance | EN,portable storage,Campaign Negative Phrase
MOV | Search | Long Distance | EN,truck rental,Campaign Negative Phrase
MOV | Search | Long Distance | EN,van rental,Campaign Negative Phrase
MOV | Search | Long Distance | EN,u haul,Campaign Negative Phrase
MOV | Search | Long Distance | EN,uhaul,Campaign Negative Phrase
MOV | Search | Long Distance | EN,penske,Campaign Negative Phrase
MOV | Search | Long Distance | EN,budget truck,Campaign Negative Phrase
MOV | Search | Long Distance | EN,rent a truck,Campaign Negative Phrase
MOV | Search | Long Distance | EN,moving boxes,Campaign Negative Phrase
MOV | Search | Long Distance | EN,packing supplies,Campaign Negative Phrase
MOV | Search | Long Distance | EN,boxes for sale,Campaign Negative Phrase
MOV | Search | Long Distance | EN,bubble wrap,Campaign Negative Phrase
MOV | Search | Long Distance | EN,moving blankets,Campaign Negative Phrase
MOV | Search | Commercial | EN,job,Campaign Negative Phrase
MOV | Search | Commercial | EN,jobs,Campaign Negative Phrase
MOV | Search | Commercial | EN,hiring,Campaign Negative Phrase
MOV | Search | Commercial | EN,careers,Campaign Negative Phrase
MOV | Search | Commercial | EN,career,Campaign Negative Phrase
MOV | Search | Commercial | EN,salary,Campaign Negative Phrase
MOV | Search | Commercial | EN,salaries,Campaign Negative Phrase
MOV | Search | Commercial | EN,wage,Campaign Negative Phrase
MOV | Search | Commercial | EN,employment,Campaign Negative Phrase
MOV | Search | Commercial | EN,apply,Campaign Negative Phrase
MOV | Search | Commercial | EN,resume,Campaign Negative Phrase
MOV | Search | Commercial | EN,vacancy,Campaign Negative Phrase
MOV | Search | Commercial | EN,how to,Campaign Negative Phrase
MOV | Search | Commercial | EN,how do,Campaign Negative Phrase
MOV | Search | Commercial | EN,diy,Campaign Negative Phrase
MOV | Search | Commercial | EN,tutorial,Campaign Negative Phrase
MOV | Search | Commercial | EN,guide,Campaign Negative Phrase
MOV | Search | Commercial | EN,tips,Campaign Negative Phrase
MOV | Search | Commercial | EN,youtube,Campaign Negative Phrase
MOV | Search | Commercial | EN,video,Campaign Negative Phrase
MOV | Search | Commercial | EN,wikipedia,Campaign Negative Phrase
MOV | Search | Commercial | EN,reddit,Campaign Negative Phrase
MOV | Search | Commercial | EN,forum,Campaign Negative Phrase
MOV | Search | Commercial | EN,meaning,Campaign Negative Phrase
MOV | Search | Commercial | EN,definition,Campaign Negative Phrase
MOV | Search | Commercial | EN,what is,Campaign Negative Phrase
MOV | Search | Commercial | EN,free,Campaign Negative Phrase
MOV | Search | Commercial | EN,freebie,Campaign Negative Phrase
MOV | Search | Commercial | EN,cheapest,Campaign Negative Phrase
MOV | Search | Commercial | EN,volunteer,Campaign Negative Phrase
MOV | Search | Commercial | EN,charity,Campaign Negative Phrase
MOV | Search | Commercial | EN,donation,Campaign Negative Phrase
MOV | Search | Commercial | EN,grant,Campaign Negative Phrase
MOV | Search | Commercial | EN,course,Campaign Negative Phrase
MOV | Search | Commercial | EN,courses,Campaign Negative Phrase
MOV | Search | Commercial | EN,training,Campaign Negative Phrase
MOV | Search | Commercial | EN,certification,Campaign Negative Phrase
MOV | Search | Commercial | EN,school,Campaign Negative Phrase
MOV | Search | Commercial | EN,class,Campaign Negative Phrase
MOV | Search | Commercial | EN,complaints,Campaign Negative Phrase
MOV | Search | Commercial | EN,lawsuit,Campaign Negative Phrase
MOV | Search | Commercial | EN,scam,Campaign Negative Phrase
MOV | Search | Commercial | EN,reviews of,Campaign Negative Phrase
MOV | Search | Commercial | EN,sue,Campaign Negative Phrase
MOV | Search | Commercial | EN,license lookup,Campaign Negative Phrase
MOV | Search | Commercial | EN,truck rental,Campaign Negative Phrase
MOV | Search | Commercial | EN,van rental,Campaign Negative Phrase
MOV | Search | Commercial | EN,u haul,Campaign Negative Phrase
MOV | Search | Commercial | EN,uhaul,Campaign Negative Phrase
MOV | Search | Commercial | EN,penske,Campaign Negative Phrase
MOV | Search | Commercial | EN,budget truck,Campaign Negative Phrase
MOV | Search | Commercial | EN,rent a truck,Campaign Negative Phrase
MOV | Search | Commercial | EN,moving boxes,Campaign Negative Phrase
MOV | Search | Commercial | EN,packing supplies,Campaign Negative Phrase
MOV | Search | Commercial | EN,boxes for sale,Campaign Negative Phrase
MOV | Search | Commercial | EN,bubble wrap,Campaign Negative Phrase
MOV | Search | Commercial | EN,moving blankets,Campaign Negative Phrase
MOV | Search | Commercial | EN,thumbtack,Campaign Negative Phrase
MOV | Search | Commercial | EN,angi,Campaign Negative Phrase
MOV | Search | Commercial | EN,homeadvisor,Campaign Negative Phrase
MOV | Search | Commercial | EN,unpakt,Campaign Negative Phrase
MOV | Search | Commercial | EN,hireahelper,Campaign Negative Phrase
MOV | Search | Commercial | EN,movebuddha,Campaign Negative Phrase
MOV | Search | Commercial | EN,moving.com,Campaign Negative Phrase
MOV | Search | Commercial | EN,bark,Campaign Negative Phrase
MOV | Search | Commercial | EN,movers,Campaign Negative Phrase
MOV | Search | Commercial | EN,moving company,Campaign Negative Phrase
MOV | Search | Commercial | EN,moving companies,Campaign Negative Phrase
MOV | Search | Commercial | EN,local movers,Campaign Negative Phrase
MOV | Search | Commercial | EN,house movers,Campaign Negative Phrase
MOV | Search | Commercial | EN,apartment movers,Campaign Negative Phrase
MOV | Search | Commercial | EN,residential movers,Campaign Negative Phrase
MOV | Search | Commercial | EN,home movers,Campaign Negative Phrase
MOV | Search | Commercial | EN,man with a van,Campaign Negative Phrase
MOV | Search | Commercial | EN,single item movers,Campaign Negative Phrase
MOV | Search | Commercial | EN,furniture movers,Campaign Negative Phrase
MOV | Search | Commercial | EN,piano movers,Campaign Negative Phrase
MOV | Search | Commercial | EN,same day movers,Campaign Negative Phrase
MOV | Search | Commercial | EN,hourly movers,Campaign Negative Phrase
MOV | Search | Commercial | EN,storage units,Campaign Negative Phrase
MOV | Search | Commercial | EN,self storage,Campaign Negative Phrase
MOV | Search | Commercial | EN,storage facility,Campaign Negative Phrase
MOV | Search | Commercial | EN,pods,Campaign Negative Phrase
MOV | Search | Commercial | EN,portable storage,Campaign Negative Phrase
MOV | Search | Commercial | EN,truck rental,Campaign Negative Phrase
MOV | Search | Commercial | EN,van rental,Campaign Negative Phrase
MOV | Search | Commercial | EN,u haul,Campaign Negative Phrase
MOV | Search | Commercial | EN,uhaul,Campaign Negative Phrase
MOV | Search | Commercial | EN,penske,Campaign Negative Phrase
MOV | Search | Commercial | EN,budget truck,Campaign Negative Phrase
MOV | Search | Commercial | EN,rent a truck,Campaign Negative Phrase
MOV | Search | Commercial | EN,moving boxes,Campaign Negative Phrase
MOV | Search | Commercial | EN,packing supplies,Campaign Negative Phrase
MOV | Search | Commercial | EN,boxes for sale,Campaign Negative Phrase
MOV | Search | Commercial | EN,bubble wrap,Campaign Negative Phrase
MOV | Search | Commercial | EN,moving blankets,Campaign Negative Phrase
